epoch_id,class_id,acc,precision,recall,f1_score
0,0,0.501,0.501,0.461,0.480
0,1,0.475,0.476,0.487,0.481
0,2,0.501,0.502,0.481,0.491
0,3,0.489,0.489,0.483,0.486
0,4,0.466,0.466,0.461,0.463
0,5,0.498,0.498,0.517,0.507
0,6,0.513,0.515,0.477,0.495
0,7,0.536,0.537,0.522,0.529
0,8,0.549,0.550,0.541,0.546
0,9,0.497,0.497,0.468,0.482
1,0,0.495,0.495,0.484,0.490
1,1,0.458,0.458,0.462,0.460
1,2,0.504,0.504,0.541,0.522
1,3,0.489,0.489,0.485,0.487
1,4,0.514,0.513,0.567,0.538
1,5,0.499,0.499,0.500,0.500
1,6,0.504,0.504,0.492,0.498
1,7,0.507,0.506,0.556,0.530
1,8,0.520,0.519,0.555,0.536
1,9,0.480,0.480,0.474,0.477
2,0,0.495,0.495,0.510,0.502
2,1,0.495,0.496,0.499,0.497
2,2,0.501,0.501,0.481,0.491
2,3,0.498,0.499,0.506,0.502
2,4,0.474,0.473,0.444,0.458
2,5,0.504,0.505,0.494,0.499
2,6,0.510,0.510,0.515,0.513
2,7,0.498,0.499,0.512,0.505
2,8,0.461,0.463,0.484,0.473
2,9,0.503,0.503,0.509,0.506
3,0,0.501,0.501,0.511,0.506
3,1,0.486,0.487,0.511,0.499
3,2,0.503,0.503,0.495,0.499
3,3,0.509,0.509,0.521,0.515
3,4,0.492,0.492,0.505,0.499
3,5,0.493,0.493,0.467,0.480
3,6,0.500,0.500,0.501,0.500
3,7,0.492,0.492,0.505,0.499
3,8,0.516,0.516,0.501,0.509
3,9,0.494,0.494,0.503,0.499
4,0,0.492,0.492,0.506,0.499
4,1,0.497,0.498,0.525,0.511
4,2,0.499,0.499,0.469,0.484
4,3,0.502,0.502,0.520,0.511
4,4,0.495,0.495,0.474,0.484
4,5,0.505,0.505,0.515,0.510
4,6,0.526,0.525,0.536,0.531
4,7,0.487,0.486,0.466,0.476
4,8,0.494,0.494,0.492,0.493
4,9,0.538,0.539,0.528,0.533
5,0,0.486,0.486,0.483,0.484
5,1,0.479,0.480,0.498,0.489
5,2,0.490,0.490,0.479,0.485
5,3,0.506,0.506,0.485,0.495
5,4,0.506,0.507,0.459,0.482
5,5,0.469,0.470,0.479,0.474
5,6,0.518,0.518,0.530,0.524
5,7,0.496,0.497,0.517,0.507
5,8,0.491,0.492,0.526,0.508
5,9,0.502,0.502,0.507,0.504
6,0,0.506,0.506,0.506,0.506
6,1,0.482,0.482,0.492,0.487
6,2,0.497,0.498,0.515,0.506
6,3,0.509,0.509,0.510,0.510
6,4,0.517,0.518,0.517,0.517
6,5,0.507,0.507,0.489,0.498
6,6,0.516,0.517,0.503,0.510
6,7,0.508,0.509,0.487,0.498
6,8,0.500,0.500,0.511,0.506
6,9,0.493,0.494,0.512,0.503
7,0,0.487,0.487,0.469,0.478
7,1,0.480,0.480,0.479,0.479
7,2,0.527,0.529,0.497,0.513
7,3,0.490,0.491,0.523,0.507
7,4,0.482,0.483,0.514,0.498
7,5,0.494,0.494,0.483,0.489
7,6,0.510,0.511,0.484,0.497
7,7,0.497,0.497,0.538,0.517
7,8,0.518,0.518,0.514,0.516
7,9,0.497,0.497,0.485,0.491
8,0,0.491,0.491,0.474,0.482
8,1,0.507,0.507,0.501,0.504
8,2,0.474,0.474,0.465,0.469
8,3,0.486,0.487,0.515,0.501
8,4,0.457,0.454,0.433,0.443
8,5,0.502,0.503,0.489,0.496
8,6,0.525,0.526,0.508,0.517
8,7,0.522,0.522,0.523,0.523
8,8,0.502,0.502,0.511,0.507
8,9,0.492,0.493,0.497,0.495
9,0,0.493,0.493,0.498,0.496
9,1,0.501,0.502,0.478,0.490
9,2,0.498,0.499,0.500,0.499
9,3,0.504,0.504,0.520,0.512
9,4,0.475,0.476,0.486,0.481
9,5,0.527,0.529,0.497,0.512
9,6,0.491,0.492,0.518,0.505
9,7,0.501,0.502,0.490,0.496
9,8,0.490,0.490,0.503,0.497
9,9,0.465,0.466,0.477,0.471
10,0,0.519,0.519,0.537,0.528
10,1,0.523,0.524,0.514,0.519
10,2,0.485,0.486,0.486,0.486
10,3,0.473,0.474,0.491,0.483
10,4,0.480,0.480,0.474,0.477
10,5,0.499,0.500,0.507,0.503
10,6,0.478,0.478,0.469,0.473
10,7,0.493,0.493,0.511,0.502
10,8,0.489,0.490,0.508,0.499
10,9,0.506,0.506,0.519,0.512
11,0,0.503,0.503,0.553,0.527
11,1,0.510,0.511,0.498,0.504
11,2,0.492,0.492,0.485,0.489
11,3,0.476,0.476,0.474,0.475
11,4,0.497,0.497,0.489,0.493
11,5,0.492,0.493,0.499,0.496
11,6,0.520,0.520,0.513,0.517
11,7,0.500,0.500,0.486,0.493
11,8,0.473,0.473,0.478,0.476
11,9,0.517,0.518,0.490,0.504
12,0,0.496,0.496,0.489,0.492
12,1,0.463,0.463,0.467,0.465
12,2,0.514,0.515,0.492,0.503
12,3,0.511,0.512,0.511,0.511
12,4,0.499,0.499,0.482,0.490
12,5,0.513,0.513,0.500,0.507
12,6,0.502,0.502,0.510,0.506
12,7,0.497,0.498,0.501,0.499
12,8,0.504,0.504,0.516,0.510
12,9,0.484,0.484,0.483,0.484
13,0,0.449,0.447,0.432,0.439
13,1,0.510,0.511,0.508,0.509
13,2,0.487,0.487,0.464,0.475
13,3,0.483,0.483,0.478,0.480
13,4,0.505,0.505,0.521,0.513
13,5,0.507,0.508,0.488,0.498
13,6,0.490,0.491,0.500,0.495
13,7,0.497,0.498,0.525,0.511
13,8,0.481,0.483,0.528,0.504
13,9,0.506,0.506,0.493,0.499
14,0,0.483,0.482,0.450,0.466
14,1,0.501,0.501,0.486,0.493
14,2,0.492,0.493,0.536,0.514
14,3,0.491,0.492,0.501,0.496
14,4,0.485,0.486,0.489,0.487
14,5,0.501,0.501,0.489,0.495
14,6,0.493,0.493,0.479,0.486
14,7,0.497,0.497,0.485,0.491
14,8,0.523,0.523,0.527,0.525
14,9,0.506,0.507,0.482,0.494
15,0,0.483,0.482,0.455,0.468
15,1,0.479,0.480,0.496,0.488
15,2,0.474,0.473,0.442,0.457
15,3,0.483,0.484,0.516,0.500
15,4,0.490,0.490,0.487,0.489
15,5,0.514,0.514,0.508,0.511
15,6,0.491,0.491,0.462,0.476
15,7,0.519,0.518,0.547,0.532
15,8,0.519,0.518,0.549,0.533
15,9,0.486,0.486,0.470,0.478
16,0,0.466,0.467,0.478,0.472
16,1,0.498,0.499,0.505,0.502
16,2,0.515,0.516,0.499,0.507
16,3,0.497,0.498,0.508,0.503
16,4,0.487,0.487,0.470,0.478
16,5,0.513,0.513,0.508,0.511
16,6,0.498,0.498,0.511,0.504
16,7,0.494,0.494,0.475,0.484
16,8,0.520,0.521,0.489,0.505
16,9,0.473,0.474,0.479,0.476
17,0,0.482,0.483,0.500,0.491
17,1,0.509,0.509,0.509,0.509
17,2,0.477,0.478,0.499,0.488
17,3,0.501,0.501,0.455,0.477
17,4,0.494,0.494,0.470,0.482
17,5,0.497,0.497,0.481,0.489
17,6,0.487,0.488,0.509,0.498
17,7,0.497,0.497,0.507,0.502
17,8,0.507,0.507,0.528,0.517
17,9,0.537,0.536,0.556,0.546
18,0,0.508,0.508,0.530,0.519
18,1,0.521,0.523,0.487,0.504
18,2,0.500,0.500,0.506,0.503
18,3,0.494,0.494,0.512,0.503
18,4,0.488,0.488,0.475,0.482
18,5,0.526,0.527,0.505,0.516
18,6,0.514,0.514,0.520,0.517
18,7,0.501,0.501,0.522,0.511
18,8,0.527,0.529,0.509,0.519
18,9,0.500,0.500,0.507,0.503
19,0,0.493,0.494,0.495,0.494
19,1,0.510,0.511,0.488,0.499
19,2,0.514,0.513,0.546,0.529
19,3,0.510,0.510,0.516,0.513
19,4,0.504,0.504,0.505,0.505
19,5,0.477,0.477,0.473,0.475
19,6,0.497,0.497,0.461,0.478
19,7,0.501,0.502,0.479,0.490
19,8,0.469,0.471,0.495,0.483
19,9,0.484,0.484,0.490,0.487
20,0,0.501,0.501,0.512,0.507
20,1,0.489,0.488,0.452,0.469
20,2,0.515,0.516,0.505,0.510
20,3,0.505,0.505,0.500,0.503
20,4,0.517,0.516,0.537,0.526
20,5,0.482,0.482,0.491,0.487
20,6,0.462,0.461,0.451,0.456
20,7,0.535,0.536,0.525,0.531
20,8,0.488,0.488,0.487,0.488
20,9,0.494,0.495,0.513,0.504
21,0,0.483,0.485,0.530,0.506
21,1,0.489,0.488,0.467,0.478
21,2,0.502,0.502,0.499,0.501
21,3,0.487,0.488,0.521,0.504
21,4,0.519,0.519,0.540,0.529
21,5,0.501,0.501,0.504,0.502
21,6,0.499,0.499,0.460,0.479
21,7,0.493,0.493,0.470,0.481
21,8,0.478,0.478,0.480,0.479
21,9,0.485,0.486,0.511,0.498
22,0,0.477,0.476,0.453,0.464
22,1,0.496,0.497,0.502,0.499
22,2,0.499,0.500,0.515,0.507
22,3,0.506,0.507,0.503,0.505
22,4,0.454,0.454,0.455,0.455
22,5,0.507,0.506,0.546,0.526
22,6,0.517,0.517,0.504,0.511
22,7,0.530,0.529,0.541,0.535
22,8,0.489,0.489,0.476,0.482
22,9,0.498,0.498,0.497,0.498
23,0,0.508,0.509,0.479,0.494
23,1,0.467,0.467,0.473,0.470
23,2,0.474,0.475,0.483,0.479
23,3,0.488,0.487,0.458,0.472
23,4,0.507,0.507,0.510,0.508
23,5,0.511,0.511,0.495,0.503
23,6,0.510,0.510,0.534,0.521
23,7,0.510,0.510,0.510,0.510
23,8,0.490,0.490,0.516,0.503
23,9,0.549,0.552,0.519,0.535
24,0,0.490,0.490,0.493,0.492
24,1,0.501,0.502,0.484,0.493
24,2,0.488,0.487,0.444,0.464
24,3,0.523,0.523,0.528,0.525
24,4,0.503,0.504,0.488,0.496
24,5,0.504,0.505,0.504,0.504
24,6,0.494,0.494,0.522,0.508
24,7,0.499,0.499,0.476,0.487
24,8,0.504,0.504,0.521,0.512
24,9,0.489,0.490,0.491,0.490
25,0,0.489,0.490,0.520,0.504
25,1,0.519,0.519,0.530,0.524
25,2,0.497,0.498,0.499,0.498
25,3,0.498,0.498,0.500,0.499
25,4,0.487,0.487,0.464,0.475
25,5,0.490,0.490,0.481,0.485
25,6,0.486,0.486,0.492,0.489
25,7,0.517,0.517,0.536,0.526
25,8,0.491,0.490,0.456,0.473
25,9,0.494,0.494,0.467,0.480
26,0,0.507,0.507,0.484,0.495
26,1,0.512,0.512,0.522,0.517
26,2,0.508,0.508,0.534,0.520
26,3,0.505,0.505,0.539,0.522
26,4,0.508,0.509,0.491,0.500
26,5,0.515,0.515,0.529,0.522
26,6,0.536,0.535,0.557,0.546
26,7,0.485,0.485,0.488,0.487
26,8,0.498,0.499,0.523,0.510
26,9,0.483,0.483,0.482,0.482
27,0,0.520,0.520,0.532,0.526
27,1,0.504,0.504,0.476,0.490
27,2,0.508,0.508,0.541,0.524
27,3,0.494,0.495,0.509,0.502
27,4,0.477,0.478,0.500,0.489
27,5,0.516,0.517,0.492,0.504
27,6,0.486,0.487,0.493,0.490
27,7,0.500,0.500,0.487,0.493
27,8,0.488,0.488,0.508,0.498
27,9,0.486,0.487,0.494,0.490
28,0,0.496,0.496,0.497,0.497
28,1,0.501,0.501,0.506,0.504
28,2,0.496,0.496,0.487,0.491
28,3,0.503,0.503,0.493,0.498
28,4,0.497,0.497,0.472,0.484
28,5,0.484,0.485,0.515,0.500
28,6,0.521,0.521,0.532,0.526
28,7,0.497,0.497,0.469,0.483
28,8,0.513,0.514,0.490,0.502
28,9,0.493,0.493,0.485,0.489
29,0,0.531,0.532,0.520,0.526
29,1,0.482,0.483,0.491,0.487
29,2,0.509,0.510,0.450,0.478
29,3,0.494,0.494,0.459,0.476
29,4,0.506,0.506,0.528,0.517
29,5,0.506,0.507,0.488,0.497
29,6,0.490,0.490,0.505,0.498
29,7,0.510,0.511,0.478,0.494
29,8,0.490,0.491,0.492,0.491
29,9,0.523,0.523,0.534,0.528
30,0,0.497,0.497,0.496,0.497
30,1,0.483,0.482,0.447,0.464
30,2,0.469,0.468,0.463,0.466
30,3,0.524,0.524,0.530,0.527
30,4,0.489,0.489,0.480,0.485
30,5,0.513,0.513,0.546,0.529
30,6,0.529,0.529,0.539,0.534
30,7,0.496,0.496,0.476,0.486
30,8,0.529,0.530,0.517,0.523
30,9,0.518,0.519,0.503,0.511
31,0,0.470,0.470,0.468,0.469
31,1,0.479,0.479,0.468,0.473
31,2,0.483,0.481,0.442,0.461
31,3,0.525,0.527,0.490,0.508
31,4,0.508,0.508,0.522,0.515
31,5,0.483,0.484,0.490,0.487
31,6,0.502,0.502,0.504,0.503
31,7,0.509,0.509,0.505,0.507
31,8,0.524,0.524,0.524,0.524
31,9,0.514,0.515,0.496,0.505
32,0,0.488,0.488,0.482,0.485
32,1,0.496,0.496,0.466,0.480
32,2,0.488,0.488,0.496,0.492
32,3,0.502,0.502,0.489,0.495
32,4,0.499,0.499,0.510,0.504
32,5,0.510,0.511,0.489,0.500
32,6,0.472,0.473,0.476,0.474
32,7,0.505,0.506,0.491,0.498
32,8,0.512,0.513,0.503,0.508
32,9,0.526,0.527,0.514,0.521
33,0,0.509,0.509,0.522,0.516
33,1,0.527,0.529,0.506,0.517
33,2,0.503,0.503,0.535,0.518
33,3,0.469,0.466,0.436,0.451
33,4,0.471,0.472,0.487,0.480
33,5,0.502,0.502,0.513,0.508
33,6,0.522,0.523,0.510,0.516
33,7,0.490,0.490,0.474,0.482
33,8,0.522,0.522,0.514,0.518
33,9,0.509,0.511,0.456,0.482
34,0,0.505,0.505,0.520,0.513
34,1,0.485,0.485,0.491,0.488
34,2,0.509,0.510,0.492,0.501
34,3,0.512,0.511,0.539,0.525
34,4,0.464,0.463,0.457,0.460
34,5,0.483,0.483,0.496,0.490
34,6,0.486,0.486,0.500,0.493
34,7,0.516,0.517,0.496,0.506
34,8,0.534,0.534,0.544,0.539
34,9,0.468,0.467,0.450,0.458
35,0,0.472,0.471,0.459,0.465
35,1,0.500,0.501,0.475,0.487
35,2,0.480,0.480,0.477,0.478
35,3,0.507,0.507,0.527,0.517
35,4,0.515,0.515,0.517,0.516
35,5,0.523,0.522,0.539,0.531
35,6,0.494,0.495,0.499,0.497
35,7,0.489,0.489,0.490,0.490
35,8,0.482,0.482,0.467,0.474
35,9,0.478,0.478,0.465,0.471
36,0,0.514,0.513,0.553,0.532
36,1,0.507,0.507,0.508,0.507
36,2,0.472,0.470,0.443,0.456
36,3,0.490,0.491,0.524,0.507
36,4,0.462,0.461,0.452,0.457
36,5,0.519,0.519,0.539,0.529
36,6,0.502,0.502,0.514,0.508
36,7,0.500,0.500,0.529,0.514
36,8,0.450,0.448,0.439,0.444
36,9,0.483,0.484,0.508,0.496
37,0,0.515,0.516,0.507,0.511
37,1,0.503,0.503,0.490,0.496
37,2,0.521,0.521,0.533,0.527
37,3,0.487,0.488,0.513,0.500
37,4,0.488,0.489,0.492,0.490
37,5,0.490,0.490,0.477,0.483
37,6,0.472,0.469,0.417,0.442
37,7,0.505,0.505,0.523,0.514
37,8,0.485,0.486,0.487,0.486
37,9,0.502,0.502,0.507,0.504
38,0,0.537,0.535,0.575,0.554
38,1,0.502,0.502,0.514,0.508
38,2,0.493,0.492,0.437,0.463
38,3,0.482,0.482,0.473,0.478
38,4,0.511,0.511,0.541,0.525
38,5,0.491,0.491,0.494,0.493
38,6,0.474,0.473,0.463,0.468
38,7,0.496,0.496,0.538,0.516
38,8,0.515,0.516,0.503,0.509
38,9,0.497,0.497,0.510,0.503
39,0,0.534,0.534,0.533,0.534
39,1,0.479,0.481,0.515,0.497
39,2,0.509,0.509,0.538,0.523
39,3,0.503,0.503,0.507,0.505
39,4,0.527,0.525,0.566,0.545
39,5,0.515,0.515,0.514,0.515
39,6,0.506,0.507,0.483,0.495
39,7,0.491,0.491,0.517,0.504
39,8,0.495,0.495,0.490,0.492
39,9,0.479,0.480,0.498,0.489
40,0,0.498,0.498,0.469,0.483
40,1,0.494,0.494,0.516,0.505
40,2,0.486,0.485,0.452,0.468
40,3,0.491,0.491,0.508,0.500
40,4,0.500,0.500,0.521,0.511
40,5,0.511,0.510,0.542,0.526
40,6,0.507,0.507,0.527,0.517
40,7,0.479,0.480,0.494,0.487
40,8,0.500,0.500,0.515,0.507
40,9,0.478,0.477,0.456,0.466
41,0,0.509,0.510,0.504,0.507
41,1,0.481,0.482,0.491,0.486
41,2,0.498,0.498,0.481,0.489
41,3,0.502,0.502,0.534,0.517
41,4,0.499,0.499,0.494,0.497
41,5,0.472,0.473,0.493,0.483
41,6,0.514,0.513,0.539,0.526
41,7,0.486,0.487,0.520,0.503
41,8,0.506,0.506,0.528,0.517
41,9,0.499,0.499,0.470,0.484
42,0,0.535,0.533,0.566,0.549
42,1,0.494,0.494,0.494,0.494
42,2,0.477,0.478,0.500,0.489
42,3,0.490,0.491,0.503,0.497
42,4,0.486,0.487,0.489,0.488
42,5,0.500,0.500,0.510,0.505
42,6,0.479,0.478,0.456,0.467
42,7,0.489,0.489,0.485,0.487
42,8,0.509,0.509,0.508,0.509
42,9,0.508,0.508,0.497,0.503
43,0,0.477,0.478,0.490,0.484
43,1,0.491,0.491,0.489,0.490
43,2,0.511,0.512,0.505,0.508
43,3,0.461,0.460,0.451,0.455
43,4,0.531,0.530,0.544,0.537
43,5,0.487,0.487,0.481,0.484
43,6,0.533,0.531,0.572,0.551
43,7,0.505,0.506,0.504,0.505
43,8,0.530,0.530,0.545,0.537
43,9,0.466,0.465,0.449,0.457
44,0,0.523,0.523,0.525,0.524
44,1,0.476,0.476,0.474,0.475
44,2,0.492,0.492,0.472,0.482
44,3,0.509,0.509,0.510,0.509
44,4,0.509,0.509,0.528,0.518
44,5,0.465,0.464,0.464,0.464
44,6,0.478,0.478,0.482,0.480
44,7,0.469,0.471,0.490,0.480
44,8,0.502,0.502,0.517,0.509
44,9,0.486,0.486,0.479,0.482
45,0,0.509,0.508,0.544,0.526
45,1,0.499,0.499,0.495,0.497
45,2,0.502,0.503,0.491,0.497
45,3,0.474,0.473,0.450,0.461
45,4,0.489,0.489,0.453,0.470
45,5,0.511,0.511,0.534,0.522
45,6,0.507,0.507,0.483,0.495
45,7,0.505,0.505,0.522,0.513
45,8,0.486,0.487,0.517,0.501
45,9,0.480,0.480,0.462,0.471
46,0,0.485,0.486,0.519,0.502
46,1,0.492,0.493,0.512,0.502
46,2,0.497,0.497,0.458,0.477
46,3,0.515,0.516,0.511,0.513
46,4,0.499,0.499,0.510,0.504
46,5,0.527,0.527,0.541,0.534
46,6,0.523,0.525,0.491,0.507
46,7,0.513,0.513,0.512,0.513
46,8,0.477,0.478,0.498,0.488
46,9,0.497,0.498,0.515,0.506
47,0,0.521,0.522,0.518,0.520
47,1,0.493,0.494,0.507,0.500
47,2,0.484,0.484,0.496,0.490
47,3,0.509,0.510,0.465,0.487
47,4,0.522,0.522,0.525,0.523
47,5,0.499,0.499,0.495,0.497
47,6,0.488,0.486,0.425,0.454
47,7,0.479,0.480,0.490,0.485
47,8,0.465,0.463,0.441,0.452
47,9,0.462,0.463,0.481,0.472
48,0,0.448,0.448,0.457,0.453
48,1,0.459,0.459,0.456,0.457
48,2,0.505,0.505,0.540,0.522
48,3,0.502,0.503,0.501,0.502
48,4,0.512,0.512,0.520,0.516
48,5,0.522,0.521,0.551,0.536
48,6,0.485,0.485,0.461,0.473
48,7,0.488,0.488,0.452,0.469
48,8,0.503,0.503,0.509,0.506
48,9,0.523,0.525,0.495,0.510
49,0,0.493,0.494,0.500,0.497
49,1,0.514,0.515,0.496,0.505
49,2,0.501,0.501,0.536,0.518
49,3,0.487,0.486,0.444,0.464
49,4,0.484,0.483,0.467,0.475
49,5,0.485,0.486,0.508,0.497
49,6,0.484,0.483,0.459,0.471
49,7,0.469,0.469,0.475,0.472
49,8,0.534,0.536,0.507,0.521
49,9,0.481,0.481,0.481,0.481
50,0,0.525,0.525,0.534,0.529
50,1,0.492,0.492,0.494,0.493
50,2,0.510,0.510,0.490,0.500
50,3,0.532,0.534,0.512,0.523
50,4,0.491,0.491,0.514,0.502
50,5,0.528,0.529,0.514,0.522
50,6,0.490,0.490,0.487,0.488
50,7,0.477,0.476,0.453,0.464
50,8,0.501,0.502,0.492,0.497
50,9,0.481,0.482,0.501,0.491
51,0,0.499,0.500,0.513,0.506
51,1,0.481,0.482,0.494,0.488
51,2,0.514,0.514,0.517,0.516
51,3,0.509,0.509,0.526,0.517
51,4,0.504,0.504,0.503,0.504
51,5,0.501,0.502,0.476,0.488
51,6,0.524,0.526,0.501,0.513
51,7,0.501,0.502,0.493,0.497
51,8,0.503,0.503,0.509,0.506
51,9,0.506,0.507,0.486,0.496
52,0,0.484,0.485,0.499,0.492
52,1,0.505,0.505,0.477,0.491
52,2,0.492,0.492,0.507,0.500
52,3,0.497,0.497,0.493,0.495
52,4,0.484,0.484,0.472,0.478
52,5,0.456,0.456,0.459,0.457
52,6,0.517,0.518,0.513,0.515
52,7,0.475,0.474,0.448,0.460
52,8,0.516,0.516,0.509,0.513
52,9,0.501,0.501,0.529,0.515
53,0,0.470,0.470,0.466,0.468
53,1,0.531,0.533,0.503,0.518
53,2,0.474,0.475,0.496,0.485
53,3,0.509,0.509,0.530,0.519
53,4,0.495,0.495,0.466,0.480
53,5,0.501,0.502,0.472,0.486
53,6,0.471,0.470,0.448,0.459
53,7,0.515,0.515,0.507,0.511
53,8,0.474,0.473,0.443,0.457
53,9,0.527,0.527,0.526,0.527
54,0,0.511,0.511,0.516,0.513
54,1,0.467,0.466,0.455,0.460
54,2,0.511,0.511,0.512,0.511
54,3,0.504,0.505,0.496,0.500
54,4,0.491,0.491,0.484,0.487
54,5,0.517,0.517,0.540,0.528
54,6,0.498,0.499,0.531,0.514
54,7,0.509,0.509,0.523,0.516
54,8,0.488,0.489,0.523,0.505
54,9,0.512,0.512,0.531,0.521
55,0,0.492,0.492,0.474,0.483
55,1,0.500,0.500,0.502,0.501
55,2,0.500,0.500,0.507,0.503
55,3,0.495,0.495,0.478,0.487
55,4,0.513,0.513,0.523,0.518
55,5,0.511,0.510,0.541,0.525
55,6,0.524,0.525,0.518,0.521
55,7,0.497,0.497,0.505,0.501
55,8,0.500,0.501,0.489,0.495
55,9,0.509,0.510,0.503,0.506
56,0,0.530,0.531,0.521,0.526
56,1,0.513,0.513,0.510,0.512
56,2,0.497,0.497,0.495,0.496
56,3,0.477,0.476,0.451,0.463
56,4,0.519,0.518,0.550,0.533
56,5,0.505,0.505,0.489,0.497
56,6,0.486,0.486,0.481,0.484
56,7,0.500,0.500,0.485,0.492
56,8,0.492,0.491,0.454,0.472
56,9,0.471,0.471,0.472,0.472
57,0,0.526,0.525,0.539,0.532
57,1,0.485,0.486,0.515,0.500
57,2,0.506,0.506,0.507,0.507
57,3,0.517,0.517,0.531,0.524
57,4,0.505,0.505,0.507,0.506
57,5,0.511,0.512,0.508,0.510
57,6,0.499,0.500,0.504,0.502
57,7,0.500,0.500,0.464,0.481
57,8,0.521,0.521,0.523,0.522
57,9,0.476,0.478,0.521,0.499
58,0,0.500,0.501,0.494,0.497
58,1,0.481,0.480,0.443,0.461
58,2,0.507,0.507,0.494,0.501
58,3,0.484,0.484,0.489,0.487
58,4,0.488,0.489,0.499,0.494
58,5,0.508,0.508,0.538,0.523
58,6,0.503,0.503,0.521,0.512
58,7,0.531,0.533,0.497,0.514
58,8,0.492,0.493,0.503,0.498
58,9,0.552,0.555,0.532,0.543
59,0,0.526,0.526,0.528,0.527
59,1,0.508,0.508,0.514,0.511
59,2,0.486,0.485,0.450,0.467
59,3,0.495,0.495,0.477,0.486
59,4,0.510,0.510,0.514,0.512
59,5,0.484,0.483,0.463,0.473
59,6,0.508,0.508,0.514,0.511
59,7,0.498,0.498,0.495,0.497
59,8,0.475,0.476,0.488,0.482
59,9,0.457,0.456,0.456,0.456
60,0,0.506,0.506,0.515,0.510
60,1,0.499,0.499,0.482,0.490
60,2,0.496,0.496,0.525,0.510
60,3,0.517,0.517,0.547,0.531
60,4,0.485,0.485,0.479,0.482
60,5,0.487,0.487,0.481,0.484
60,6,0.494,0.495,0.509,0.502
60,7,0.508,0.508,0.530,0.519
60,8,0.471,0.471,0.476,0.474
60,9,0.515,0.515,0.543,0.528
61,0,0.464,0.466,0.491,0.478
61,1,0.490,0.491,0.507,0.499
61,2,0.487,0.487,0.471,0.479
61,3,0.497,0.497,0.496,0.496
61,4,0.508,0.508,0.515,0.511
61,5,0.490,0.491,0.497,0.494
61,6,0.508,0.509,0.491,0.500
61,7,0.515,0.516,0.480,0.497
61,8,0.480,0.482,0.512,0.496
61,9,0.517,0.518,0.501,0.509
62,0,0.478,0.479,0.492,0.485
62,1,0.476,0.477,0.486,0.481
62,2,0.488,0.488,0.490,0.489
62,3,0.500,0.500,0.521,0.511
62,4,0.468,0.469,0.480,0.474
62,5,0.496,0.496,0.475,0.485
62,6,0.506,0.506,0.510,0.508
62,7,0.506,0.507,0.503,0.505
62,8,0.471,0.472,0.489,0.481
62,9,0.468,0.467,0.453,0.460
63,0,0.507,0.507,0.513,0.510
63,1,0.503,0.503,0.525,0.514
63,2,0.501,0.502,0.497,0.499
63,3,0.490,0.490,0.481,0.485
63,4,0.494,0.494,0.513,0.503
63,5,0.509,0.509,0.514,0.512
63,6,0.500,0.500,0.498,0.499
63,7,0.506,0.506,0.488,0.497
63,8,0.519,0.520,0.509,0.514
63,9,0.469,0.469,0.471,0.470
64,0,0.525,0.524,0.541,0.532
64,1,0.518,0.519,0.488,0.503
64,2,0.480,0.479,0.462,0.470
64,3,0.492,0.493,0.531,0.511
64,4,0.504,0.504,0.493,0.498
64,5,0.508,0.509,0.479,0.494
64,6,0.513,0.514,0.486,0.500
64,7,0.524,0.525,0.509,0.517
64,8,0.505,0.505,0.489,0.497
64,9,0.484,0.484,0.500,0.492
65,0,0.509,0.510,0.466,0.487
65,1,0.497,0.498,0.505,0.501
65,2,0.483,0.483,0.470,0.476
65,3,0.516,0.516,0.504,0.510
65,4,0.502,0.502,0.519,0.510
65,5,0.518,0.518,0.521,0.520
65,6,0.492,0.492,0.476,0.484
65,7,0.505,0.505,0.507,0.506
65,8,0.567,0.570,0.542,0.556
65,9,0.498,0.498,0.518,0.508
66,0,0.507,0.507,0.537,0.522
66,1,0.493,0.493,0.511,0.502
66,2,0.506,0.506,0.509,0.508
66,3,0.509,0.509,0.502,0.506
66,4,0.495,0.494,0.448,0.470
66,5,0.490,0.491,0.495,0.493
66,6,0.502,0.502,0.525,0.513
66,7,0.519,0.520,0.519,0.519
66,8,0.486,0.486,0.457,0.471
66,9,0.464,0.463,0.444,0.453
67,0,0.498,0.498,0.485,0.491
67,1,0.511,0.511,0.521,0.516
67,2,0.490,0.490,0.478,0.484
67,3,0.494,0.495,0.527,0.510
67,4,0.516,0.517,0.497,0.507
67,5,0.485,0.485,0.482,0.483
67,6,0.513,0.514,0.505,0.509
67,7,0.514,0.515,0.485,0.500
67,8,0.518,0.519,0.484,0.501
67,9,0.522,0.522,0.530,0.526
68,0,0.476,0.477,0.489,0.483
68,1,0.508,0.508,0.503,0.506
68,2,0.498,0.499,0.507,0.503
68,3,0.505,0.506,0.485,0.495
68,4,0.504,0.504,0.517,0.511
68,5,0.489,0.489,0.493,0.491
68,6,0.490,0.490,0.469,0.479
68,7,0.518,0.518,0.531,0.524
68,8,0.467,0.464,0.435,0.449
68,9,0.519,0.519,0.527,0.523
69,0,0.500,0.500,0.511,0.506
69,1,0.535,0.535,0.534,0.535
69,2,0.488,0.488,0.473,0.480
69,3,0.502,0.502,0.469,0.485
69,4,0.516,0.515,0.560,0.536
69,5,0.490,0.491,0.527,0.508
69,6,0.490,0.491,0.493,0.492
69,7,0.495,0.496,0.516,0.506
69,8,0.461,0.461,0.473,0.467
69,9,0.503,0.503,0.493,0.498
70,0,0.459,0.461,0.484,0.472
70,1,0.488,0.488,0.485,0.486
70,2,0.503,0.504,0.500,0.502
70,3,0.505,0.505,0.486,0.495
70,4,0.493,0.493,0.469,0.481
70,5,0.512,0.512,0.513,0.513
70,6,0.507,0.507,0.497,0.502
70,7,0.475,0.476,0.476,0.476
70,8,0.517,0.517,0.532,0.524
70,9,0.500,0.500,0.525,0.512
71,0,0.490,0.490,0.512,0.501
71,1,0.475,0.475,0.473,0.474
71,2,0.488,0.488,0.506,0.497
71,3,0.498,0.498,0.516,0.507
71,4,0.483,0.483,0.472,0.477
71,5,0.509,0.510,0.487,0.498
71,6,0.522,0.522,0.525,0.523
71,7,0.479,0.480,0.481,0.480
71,8,0.479,0.480,0.487,0.483
71,9,0.476,0.477,0.509,0.493
72,0,0.530,0.528,0.560,0.544
72,1,0.470,0.471,0.490,0.480
72,2,0.479,0.479,0.460,0.469
72,3,0.490,0.491,0.528,0.509
72,4,0.490,0.490,0.479,0.484
72,5,0.499,0.499,0.531,0.515
72,6,0.525,0.527,0.492,0.509
72,7,0.495,0.496,0.502,0.499
72,8,0.510,0.510,0.513,0.511
72,9,0.472,0.473,0.479,0.476
73,0,0.492,0.492,0.490,0.491
73,1,0.516,0.517,0.492,0.504
73,2,0.514,0.513,0.563,0.537
73,3,0.500,0.500,0.545,0.522
73,4,0.492,0.492,0.477,0.484
73,5,0.469,0.469,0.481,0.475
73,6,0.507,0.507,0.521,0.514
73,7,0.537,0.536,0.549,0.542
73,8,0.544,0.547,0.520,0.533
73,9,0.540,0.542,0.515,0.528
74,0,0.459,0.457,0.436,0.446
74,1,0.439,0.438,0.437,0.438
74,2,0.513,0.512,0.542,0.527
74,3,0.496,0.497,0.505,0.501
74,4,0.491,0.491,0.466,0.478
74,5,0.488,0.488,0.481,0.484
74,6,0.492,0.493,0.517,0.505
74,7,0.529,0.530,0.527,0.528
74,8,0.496,0.496,0.485,0.491
74,9,0.519,0.518,0.535,0.527
75,0,0.510,0.510,0.517,0.513
75,1,0.476,0.477,0.487,0.482
75,2,0.480,0.480,0.476,0.478
75,3,0.507,0.507,0.517,0.512
75,4,0.478,0.478,0.457,0.467
75,5,0.473,0.473,0.478,0.476
75,6,0.495,0.495,0.492,0.493
75,7,0.488,0.489,0.496,0.492
75,8,0.500,0.500,0.528,0.514
75,9,0.490,0.490,0.466,0.478
76,0,0.490,0.490,0.454,0.471
76,1,0.506,0.506,0.506,0.506
76,2,0.493,0.493,0.467,0.480
76,3,0.479,0.480,0.513,0.496
76,4,0.497,0.497,0.454,0.475
76,5,0.504,0.504,0.523,0.513
76,6,0.515,0.516,0.505,0.510
76,7,0.513,0.514,0.491,0.502
76,8,0.520,0.520,0.530,0.525
76,9,0.502,0.503,0.491,0.497
77,0,0.503,0.503,0.506,0.504
77,1,0.499,0.499,0.495,0.497
77,2,0.503,0.504,0.473,0.488
77,3,0.497,0.497,0.496,0.496
77,4,0.479,0.479,0.491,0.485
77,5,0.492,0.492,0.476,0.484
77,6,0.512,0.513,0.486,0.499
77,7,0.512,0.513,0.485,0.498
77,8,0.474,0.474,0.470,0.472
77,9,0.485,0.485,0.482,0.483
78,0,0.511,0.510,0.544,0.527
78,1,0.484,0.484,0.492,0.488
78,2,0.502,0.502,0.510,0.506
78,3,0.497,0.497,0.484,0.491
78,4,0.497,0.497,0.516,0.506
78,5,0.511,0.512,0.496,0.504
78,6,0.493,0.493,0.481,0.487
78,7,0.487,0.487,0.474,0.480
78,8,0.544,0.546,0.525,0.535
78,9,0.514,0.514,0.498,0.506
79,0,0.484,0.485,0.502,0.493
79,1,0.469,0.469,0.465,0.467
79,2,0.482,0.483,0.492,0.487
79,3,0.484,0.484,0.490,0.487
79,4,0.503,0.503,0.489,0.496
79,5,0.492,0.492,0.469,0.480
79,6,0.469,0.471,0.503,0.487
79,7,0.484,0.484,0.486,0.485
79,8,0.519,0.519,0.535,0.527
79,9,0.515,0.514,0.553,0.533
